Category,Feature,Status
Access & Security,OTP Email Authentication (6-digit verification),[ ]
Access & Security,Multi-Tier Roles (Admin Team Client),[ ]
Access & Security,Public Client View (Restricted view-only),[ ]
Access & Security,Deep-link Portal Sharing (Client Links),[ ]
Client Management,New Client Creation & Setup,[ ]
Client Management,Client Package Selection (Starter/Inter/Pro),[ ]
Client Management,Automatic Day Counter (Day 1-90),[ ]
Client Management,Dashboard Progress Bars (Visual %),[ ]
Client Management,Client Sidebar Search/Filter,[ ]
Task & Workflow Engine,Phased Workflow (Sprint Review Ongoing),[ ]
Task & Workflow Engine,Task Dependency Locking (Smart Unlock),[ ]
Task & Workflow Engine,Custom Task Creation (Admin Only),[ ]
Task & Workflow Engine,Role-based Task Filtering (AM CW GD etc),[ ]
Task & Workflow Engine,Interactive Checkboxes with Auto-Sync,[ ]
Operational Tools,SOP Procedure Library (Task Guides),[ ]
Operational Tools,Collaborative Task Notes (Team Comments),[ ]
Operational Tools,Automated Report Generation (Status Exports),[ ]
Operational Tools,Team Management Panel (Role Assignment),[ ]
Operational Tools,Email Invite System (Team Onboarding),[ ]
Intelligence & Design,AI Advisor Tab (Operational Strategy),[ ]
Intelligence & Design,Mobile Responsive Layout (Toggle Sidebar),[ ]
Intelligence & Design,Real-time Database Sync (Supabase),[ ]
Intelligence & Design,Custom FLC Branding & UI Animations,[ ]
